t,x,flags
6703290,354,0
26704324,310,0
26705358,16777201,0
26706395,16776697,0
26707431,16776097,0
26708467,16775574,0
26709503,16775590,0
26710539,16775124,0
26711577,16774314,0
26712613,16774669,0
26713648,16775305,0
26714684,16775199,0
26715720,16776398,0
26716758,16777073,0
26717793,16777113,0
26718829,16777167,0
26719866,145,0
26720903,668,0
26721937,16777186,0
26722974,16777038,0
26724010,16776286,0
26725045,16775612,0
26726081,16775420,0
26727119,16775269,0
26728156,16774805,0
26729191,16774595,0
26730228,16775030,0
26731263,16776155,0
26732300,16776962,0
26733335,16777186,0
26734373,16777054,0
26735409,79,0
26736444,16777155,0
26737483,533,0
26738519,354,0
26739553,16776687,0
26740590,16775843,0
26741627,16775757,0
26742661,16775590,0
26743697,16775386,0
26744734,16774802,0
26745770,16774194,0
26746807,16774643,0
26747843,16774833,0
26748880,16775817,0
26749916,16776843,0
26750952,16777019,0
26751990,285,0
26753025,398,0
26754062,621,0
26755096,180,0
26756133,16776881,0
26757169,16776299,0
26758204,16775619,0
26759242,16775533,0
26760276,16775601,0
26761312,16775186,0
26762351,16774401,0
26763385,16775226,0
26764421,16776270,0
26765457,16776580,0
26766495,16776521,0
26767530,16776699,0
26768567,16777066,0
26769605,565,0
26770639,926,0
26771676,548,0
26772712,16776947,0
26773747,16776198,0
26774783,16775728,0
26775821,16775551,0
26776858,16775445,0
26777893,16774974,0
26778929,16773914,0
26779966,16774525,0
26781002,16774914,0
26782035,16775360,0
26783073,16776758,0
26784110,16777057,0
26785147,253,0
26786181,456,0
26787218,898,0
26788255,499,0
26789291,153,0
26790326,16776732,0
26791363,16775894,0
26792399,16775506,0
26793436,16775479,0
26794471,16775349,0
26795508,16774667,0
26796544,16775261,0
26797580,16775826,0
26798616,16776419,0
26799652,16776577,0
26800688,16777151,0
26801727,337,0
26802762,163,0
26803798,1105,0
26804835,634,0
26805868,16776700,0
26806905,16776126,0
26807941,16776071,0
26808979,16775727,0
26810014,16775556,0
26811048,16775296,0
26812086,16774744,0
26813122,16775297,0
26814158,16775574,0
26815195,16775790,0
26816232,16776723,0
26817267,16777153,0
26818305,105,0
26819341,10,0
26820377,411,0
26821412,976,0
26822450,229,0
26823486,16776471,0
26824520,16776228,0
26825557,16775944,0
26826592,16775374,0
26827630,16775535,0
26828666,16774858,0
26829701,16774928,0
26830739,16775795,0
26831774,16776145,0
26832809,16776332,0
26833847,16776713,0
26834883,16777028,0
26835920,106,0
26836956,1034,0
26837992,744,0
26839027,16777202,0
26840064,16776739,0
26841100,16776189,0
26842136,16776173,0
26843171,16775656,0
26844208,16775679,0
26845245,16774890,0
26846281,16774809,0
26847318,16774954,0
26848353,16775171,0
26849389,16776698,0
26850427,53,0
26851460,16777088,0
26852500,305,0
26853535,544,0
26854571,433,0
26855607,123,0
26856643,16776587,0
26857680,16775761,0
26858715,16775742,0
26859752,16775527,0
26860787,16775326,0
26861824,16774817,0
26862860,16774716,0
26863895,16775575,0
26864931,16776328,0
26865968,16776442,0
26867006,16776916,0
26868040,16777102,0
26869076,16777191,0
26870115,308,0
26871151,445,0
26872184,16777116,0
26873221,16776776,0
26874256,16776160,0
26875294,16775667,0
26876328,16775360,0
26877366,16775133,0
26878405,16774525,0
26879439,16774222,0
26880475,16774894,0
26881512,16774751,0
26882547,16775976,0
26883585,16776563,0
26884621,16776539,0
26885656,16777026,0
26886693,178,0
26887730,602,0
26888765,16777003,0
26889800,16776126,0
26890838,16775779,0
26891874,16775527,0
26892908,16775236,0
26893945,16775217,0
26894982,16774978,0
26896018,16774574,0
26897054,16775295,0
26898091,16776547,0
26899127,16777026,0
26900163,16776859,0
26901198,16777091,0
26902235,476,0
26903273,298,0
26904308,150,0
26905344,16776850,0
26906381,16776495,0
26907415,16776131,0
26908452,16775555,0
26909488,16775243,0
26910525,16774865,0
26911560,16774644,0
26912597,16774183,0
26913633,16775105,0
26914667,16775328,0
26915706,16776063,0
26916743,16776546,0
26917779,16776861,0
26918814,16777191,0
26919851,97,0
26920889,355,0
26921923,16777017,0
26922959,16776403,0
26923996,16775953,0
26925033,16775766,0
26926066,16775392,0
26927105,16775021,0
26928140,16774646,0
26929176,16774171,0
26930212,16775032,0
26931249,16775779,0
26932285,16776033,0
26933322,16776481,0
26934356,16776620,0
26935394,16777009,0
26936430,52,0
26937466,428,0
26938502,254,0
26939538,16776935,0
26940574,16776099,0
26941610,16775667,0
26942647,16775766,0
26943682,16775070,0
26944719,16774646,0
26945755,16774155,0
26946792,16774797,0
26947828,16774827,0
26948864,16775844,0
26949898,16776672,0
26950937,16776851,0
26951973,16776966,0
26953009,16777055,0
26954046,654,0
26955083,513,0
26956118,16776937,0
26957153,16776219,0
26958188,16775650,0
26959225,16775351,0
26960260,16775288,0
26961299,16774954,0
26962334,16774326,0
26963371,16774625,0
26964406,16775205,0
26965443,16775819,0
26966480,16776482,0
26967515,16776679,0
26968550,16777106,0
26969589,107,0
26970623,408,0
26971661,234,0
26972696,16776694,0
26973731,16776280,0
26974770,16775849,0
26975804,16775166,0
26976841,16774914,0
26977878,16774811,0
26978913,16774345,0
26979950,16774673,0
26980985,16774968,0
26982022,16775500,0
26983058,16776381,0
26984095,16776949,0
26985132,641,0
26986167,494,0
26987205,707,0
26988241,338,0
26989275,16776910,0
26990312,16776277,0
26991346,16775668,0
26992384,16775125,0
26993421,16774837,0
26994456,16774655,0
26995492,16774053,0
26996529,16774651,0
26997564,16775179,0
26998601,16775772,0
26999636,16776392,0
27000674,16776556,0
27001710,16776851,0
27002747,16776853,0
27003783,453,0
27004818,100,0
27005854,16776439,0
27006891,16775770,0
27007926,16775666,0
27008963,16775237,0
27009998,16775236,0
27011036,16774915,0
27012071,16774111,0
27013107,16774708,0
27014143,16775225,0
27015179,16775386,0
27016215,16776612,0
27017253,16776454,0
27018289,16776802,0
27019326,16777045,0
27020363,327,0
27021397,140,0
27022433,16776583,0
27023470,16775781,0
27024507,16775453,0
27025542,16775738,0
27026578,16775846,0
27027614,16775724,0
27028651,16774745,0
27029686,16774642,0
27030722,16775119,0
27031758,16776097,0
27032794,16776600,0
27033831,16776552,0
27034867,16777024,0
27035904,46,0
27036941,658,0
27037977,11,0
27039014,16776759,0
27040049,16775958,0
27041085,16775767,0
27042120,16775566,0
27043156,16775198,0
27044192,16775334,0
27045231,16774805,0
27046266,16774591,0
27047302,16775061,0
27048339,16774915,0
27049374,16776343,0
27050411,16776762,0
27051447,16776751,0
27052483,16776777,0
27053520,455,0
27054557,579,0
27055591,16777171,0
27056629,16776521,0
27057663,16776071,0
27058701,16775945,0
27059737,16775725,0
27060773,16775766,0
27061809,16774749,0
27062846,16774455,0
27063881,16774962,0
27064918,16775993,0
27065953,16776443,0
27066990,16776619,0
27068027,16776787,0
27069062,16776993,0
27070099,439,0
27071135,963,0
27072170,176,0
27073207,16776951,0
27074244,16776463,0
27075278,16775660,0
27076314,16775570,0
27077349,16775352,0
27078388,16774761,0
27079423,16775137,0
27080461,16775533,0
27081497,16775025,0
27082532,16776105,0
27083568,16776756,0
27084604,16776912,0
27085641,16776948,0
27086678,417,0
27087715,727,0
27088749,156,0
27089786,16776775,0
27090823,16775989,0
27091858,16776193,0
27092895,16775841,0
27093930,16775121,0
27094967,16774349,0
27096003,16774007,0
27097040,16774989,0
27098075,16776109,0
27099112,16775935,0
27100147,16776274,0
27101184,16776838,0
27102221,161,0
27103256,420,0
27104293,415,0
27105329,16776831,0
27106364,16776258,0
27107402,16776041,0
27108436,16775674,0
27109471,16775120,0
27110509,16774804,0
27111547,16774502,0
27112582,16774534,0
27113617,16775183,0
27114653,16775084,0
27115691,16776010,0
27116727,16776761,0
27117761,16777132,0
27118801,339,0
27119836,720,0
27120873,1107,0
27121908,147,0
27122945,16776765,0
27123979,16776438,0
27125017,16775924,0
27126052,16775367,0
27127088,16775492,0
27128125,16774946,0
27129161,16774191,0
27130198,16774569,0
27131234,16775681,0
27132270,16776721,0
27133306,16776831,0
27134342,16777079,0
27135378,16776028,0
27136415,16775850,0
27137452,610,0
27138487,16777062,0
27139522,16776422,0
27140560,16775863,0
27141594,16775206,0
27142631,16775149,0
27143667,16775146,0
27144705,16775033,0
27145740,16774358,0
27146777,16774597,0
27147811,16775156,0
27148848,16775852,0
27149883,16776304,0
27150921,16776500,0
27151957,16776831,0
27152993,16777151,0
27154031,586,0
27155066,255,0
27156101,16777179,0
27157138,16776325,0
27158174,16775601,0
27159209,16775582,0
27160247,16775698,0
27161283,16774902,0
27162319,16774331,0
27163356,16774705,0
27164392,16775694,0
27165427,16776354,0
27166464,16776605,0
27167499,16776864,0
27168535,192,0
27169573,35,0
27170610,766,0
27171645,475,0
27172681,16776631,0
27173718,16775965,0
27174753,16775578,0
27175789,16775440,0
27176825,16775106,0
27177863,16774917,0
27178898,16774548,0
27179935,16774859,0
27180969,16775236,0
27182007,16775574,0
27183044,16776510,0
27184079,16776886,0
27185116,16776947,0
27186151,16776932,0
27187187,408,0
27188224,158,0
27189261,16776499,0
27190296,16776187,0
27191330,16776064,0
27192369,16775475,0
27193403,16775404,0
27194439,16775248,0
27195476,16774600,0
27196514,16774859,0
27197549,16775671,0
27198587,16776541,0
27199622,16776738,0
27200658,16776946,0
27201694,16777194,0
27202728,16777096,0
27203769,287,0
27204804,445,0
27205839,16777149,0
27206875,16776614,0
27207910,16776140,0
27208948,16775978,0
27209985,16775019,0
27211021,16775014,0
27212055,16774540,0
27213092,16774920,0
27214128,16775231,0
27215165,16775866,0
27216200,16777198,0
27217235,16777136,0
27218274,419,0
27219310,55,0
27220347,604,0
27221382,446,0
27222418,16777101,0
27223455,16776253,0
27224490,16776089,0
27225527,16775830,0
27226563,16775468,0
27227599,16775589,0
27228635,16774868,0
27229672,16774954,0
27230707,16775258,0
27231743,16775992,0
27232781,16776554,0
27233816,44,0
27234853,15,0
27235889,233,0
27236925,1056,0
27237963,771,0
27238998,16776861,0
27240033,16776633,0
27241068,16776388,0
27242105,16776094,0
27243141,16775579,0
27244177,16775195,0
27245213,16774720,0
27246252,16774837,0
27247288,16774989,0
27248323,16774986,0
27249360,16776033,0
27250394,16776700,0
27251431,16777207,0
27252467,16777203,0
27253506,557,0
27254539,456,0
27255576,44,0
27256614,16776569,0
27257647,16776264,0
27258685,16775919,0
27259722,16775725,0
27260757,16775700,0
27261794,16774975,0
27262829,16774888,0
27263866,16775597,0
27264901,16776236,0
27265937,16776636,0
27266975,16776895,0
27268011,167,0
27269047,98,0
27270084,668,0
27271120,892,0
27272157,562,0
27273191,16776916,0
27274229,16776463,0
27275263,16776133,0
27276299,16775566,0
27277337,16775738,0
27278372,16775496,0
27279408,16774612,0
27280446,16774997,0
27281479,16775120,0
27282517,16776330,0
27283554,16776875,0
27284589,16777183,0
27285626,92,0
27286663,732,0
27287698,1092,0
27288736,374,0
27289770,16776411,0
27290806,16776198,0
27291843,16775948,0
27292879,16775934,0
27293913,16776096,0
27294951,16775245,0
27295988,16774963,0
27297024,16775329,0
27298058,16776112,0
27299097,16776518,0
27300133,16776959,0
27301169,203,0
27302207,635,0
27303243,547,0
27304278,913,0
27305314,612,0
27306350,16776927,0
27307384,16776672,0
27308421,16776578,0
27309457,16776079,0
27310495,16775703,0
27311530,16775036,0
27312567,16774683,0
27313602,16775129,0
27314640,16775433,0
27315674,16776436,0
27316709,16777136,0
27317748,458,0
27318786,665,0
27319822,861,0
27320856,1040,0
27321893,413,0
27322929,16776790,0
27323966,16776041,0
27325002,16775778,0
27326036,16775554,0
27327075,16775029,0
27328108,16775054,0
27329146,16774838,0
27330183,16775479,0
27331216,16776144,0
27332254,16776520,0
27333291,16776707,0
27334327,16776802,0
27335361,16777156,0
27336401,303,0
27337437,1384,0
27338474,381,0
27339507,16776972,0
27340545,16776733,0
27341581,16776021,0
27342617,16775719,0
27343652,16775251,0
27344689,16774946,0
27345726,16774493,0
27346760,16774928,0
27347796,16775199,0
27348834,16774665,0
27349869,16775016,0
27350906,16776706,0
27351943,16776949,0
27352980,331,0
27354015,1018,0
27355053,365,0
27356087,16776902,0
27357122,16776322,0
27358157,16776096,0
27359196,16775727,0
27360231,16775658,0
27361269,16775445,0
27362305,16774957,0
27363340,16775109,0
27364376,16775820,0
27365411,16776332,0
27366449,16776761,0
27367485,79,0
27368522,487,0
27369559,338,0
27370596,709,0
27371631,342,0
27372665,16776840,0
27373702,16776257,0
27374737,16776178,0
27375775,16775813,0
27376810,16775667,0
27377847,16775034,0
27378884,16772957,0
27379919,16774254,0
27380954,16775736,0
27381993,16775957,0
27383028,16776814,0
27384064,16776978,0
27385102,361,0
27386138,678,0
27387174,1145,0
27388209,1036,0
27389245,138,0
27390281,16776393,0
27391317,16776054,0
27392354,16775977,0
27393390,16775851,0
27394425,16775583,0
27395462,16774666,0
27396497,16775150,0
27397534,16776251,0
27398570,16776423,0
27399607,16776962,0
27400643,16777087,0
27401678,408,0
27402717,657,0
27403753,1178,0
27404788,1002,0
27405823,16777145,0
27406860,16776583,0
27407897,16776503,0
27408931,16775656,0
27409969,16775503,0
27411004,16775077,0
27412040,16774344,0
27413077,16774619,0
27414113,16775329,0
27415149,16775421,0
27416185,16776668,0
27417222,220,0
27418259,159,0
27419293,16777198,0
27420331,467,0
27421369,549,0
27422402,464,0
27423440,16776901,0
27424475,16776218,0
27425511,16775972,0
27426547,16775496,0
27427583,16775141,0
27428620,16774424,0
27429658,16774507,0
27430692,16774940,0
27431728,16775578,0
27432765,16776710,0
27433802,11,0
27434838,16777037,0
27435874,19,0
27436911,652,0
27437947,548,0
27438983,16777085,0
27440017,16776368,0
27441054,16775492,0
27442090,16775643,0
27443127,16775253,0
27444164,16775509,0
27445199,16774942,0
27446236,16774426,0
27447271,16774824,0
27448307,16775129,0
27449344,16776311,0
27450380,16777015,0
27451418,306,0
27452454,347,0
27453490,750,0
27454527,1045,0
27455562,255,0
27456597,16776802,0
27457633,16776599,0
27458670,16775815,0
27459705,16775410,0
27460741,16775298,0
27461778,16775004,0
27462815,16774962,0
27463850,16775209,0
27464887,16775798,0
27465922,16776644,0
27466960,16776939,0
27467994,16777135,0
27469032,16777020,0
27470070,619,0
27471105,758,0
27472139,496,0
27473177,35,0
27474212,16776367,0
27475249,16775787,0
27476285,16775754,0
27477322,16775829,0
27478357,16775181,0
27479393,16774388,0
27480429,16775373,0
27481467,16775829,0
27482502,16776369,0
27483536,16777160,0
27484575,229,0
27485612,437,0
27486647,434,0
27487683,954,0
27488721,875,0
27489756,391,0
27490793,16776491,0
27491828,16775982,0
27492863,16776190,0
27493899,16775928,0
27494935,16775313,0
27495973,16774826,0
27497009,16775354,0
27498045,16776249,0
27499082,3,0
27500116,16776944,0
27501154,16777073,0
27502188,16777206,0
27503228,283,0
27504264,854,0
27505299,453,0
27506335,16777039,0
27507370,16776590,0
27508406,16776260,0
27509443,16775875,0
27510479,16775684,0
27511514,16775075,0
27512551,16774710,0
27513586,16775224,0
27514624,16775325,0
27515659,16776070,0
27516697,16776761,0
27517733,242,0
27518770,780,0
27519807,737,0
27520842,1097,0
27521877,498,0
27522913,16776908,0
27523949,16776351,0
27524984,16776172,0
27526023,16775983,0
27527057,16775572,0
27528093,16775092,0
27529131,16774747,0
27530165,16775256,0
27531202,16776075,0
27532238,16776736,0
27533276,16776970,0
27534312,394,0
27535347,484,0
27536384,431,0
27537422,1324,0
27538456,1032,0
27539493,45,0
27540527,16776608,0
27541565,16776550,0
27542601,16776540,0
27543636,16776024,0
27544673,16775395,0
27545709,16774612,0
27546747,16775461,0
27547781,16775667,0
27548816,16776120,0
27549854,104,0
27550890,140,0
27551927,376,0
27552965,701,0
27554001,1210,0
27555035,940,0
27556071,392,0
27557108,16776682,0
27558145,16776493,0
27559178,16776160,0
27560217,16775729,0
27561253,16775843,0
27562289,16774931,0
27563324,16775411,0
27564361,16775838,0
27565397,16776409,0
27566433,16776942,0
27567470,193,0
27568507,548,0
27569543,429,0
27570580,859,0
27571616,1031,0
27572652,553,0
27573688,16777053,0
27574723,16776540,0
27575759,16776243,0
27576795,16776187,0
27577832,16775899,0
27578868,16774943,0
27579903,16775373,0
27580941,16775749,0
27581976,16775884,0
27583014,16776991,0
27584049,103,0
27585086,461,0
27586122,662,0
27587159,1205,0
27588195,1093,0
27589230,399,0
27590265,16776415,0
27591302,16776472,0
27592338,16776404,0
27593374,16776044,0
27594411,16775739,0
27595446,16774656,0
27596483,16774606,0
27597517,16775328,0
27598555,16776675,0
27599590,16777128,0
27600629,513,0
27601664,792,0
27602702,529,0
27603737,1134,0
27604774,1161,0
27605811,365,0
27606845,16776822,0
27607881,16776333,0
27608917,16776331,0
27609953,16776106,0
27610989,16775597,0
27612027,16774945,0
27613063,16774985,0
27614099,16775898,0
27615135,16775933,0
27616169,16777206,0
27617208,382,0
27618243,402,0
27619279,232,0
27620318,853,0
27621353,543,0
27622388,1,0
27623423,16776856,0
27624461,16776529,0
27625496,16776703,0
27626531,16776232,0
27627569,16775522,0
27628604,16774752,0
27629640,16775353,0
27630677,16775438,0
27631713,16776186,0
27632750,16776857,0
27633786,16776846,0
27634822,16776721,0
27635857,16777126,0
27636896,729,0
27637932,1047,0
27638967,16775803,0
27640003,16775692,0
27641039,16776413,0
27642074,16775896,0
27643112,16775686,0
27644149,16775805,0
27645183,16775291,0
27646221,16775489,0
27647257,16775739,0
27648292,16775626,0
27649329,16776755,0
27650365,177,0
27651401,256,0
27652438,328,0
27653474,1046,0
27654510,1108,0
27655546,443,0
27656582,16776919,0
27657618,16776306,0
27658653,16776108,0
27659690,16775639,0
27660725,16775552,0
27661763,16774961,0
27662799,16775165,0
27663835,16775643,0
27664871,16776439,0
27665908,16776753,0
27666943,64,0
27667981,477,0
27669017,336,0
27670054,595,0
27671090,826,0
27672128,853,0
27673160,16777187,0
27674198,16776309,0
27675232,16776236,0
27676270,16775871,0
27677307,16775437,0
27678341,16775217,0
27679378,16774746,0
27680413,16775188,0
27681450,16775472,0
27682486,16776187,0
27683523,16777049,0
27684560,227,0
27685596,640,0
27686634,733,0
27687668,816,0
27688705,274,0
27689740,16776395,0
27690777,16776037,0
27691812,16776426,0
27692850,16775997,0
27693884,16775776,0
27694919,16775396,0
27695957,16774577,0
27696993,16775417,0
27698029,16776386,0
27699065,16777103,0
27700101,88,0
27701141,309,0
27702175,316,0
27703212,635,0
27704248,1114,0
27705285,607,0
27706321,266,0
27707356,16777053,0
27708391,16776226,0
27709427,16775876,0
27710464,16775426,0
27711498,16775136,0
27712537,16774723,0
27713572,16775231,0
27714608,16775448,0
27715645,16776325,0
27716682,16777037,0
27717716,16777204,0
27718754,520,0
27719791,620,0
27720826,924,0
27721863,415,0
27722897,16777204,0
27723935,16776468,0
27724971,16775843,0
27726006,16775612,0
27727043,16775605,0
27728078,16775418,0
27729114,16774376,0
27730151,16774782,0
27731187,16775920,0
27732225,16776557,0
27733260,16776950,0
27734297,16777053,0
27735333,410,0
27736370,314,0
27737407,743,0
27738443,783,0
27739478,16777077,0
27740514,16775961,0
27741550,16775813,0
27742586,16775543,0
27743620,16775596,0
27744656,16775576,0
27745694,16774540,0
27746730,16775231,0
27747766,16775555,0
27748802,16776086,0
27749837,16777096,0
27750876,620,0
27751912,407,0
27752948,154,0
27753986,661,0
27755020,488,0
27756056,16776980,0
27757093,16776221,0
27758129,16776063,0
27759164,16775674,0
27760202,16775467,0
27761236,16775123,0
27762274,16774314,0
27763308,16775186,0
27764345,16775812,0
27765381,16776186,0
27766418,16776772,0
27767454,16777006,0
27768491,478,0
27769528,260,0
27770563,760,0
27771600,477,0
27772637,16776525,0
27773672,16774870,0
27774708,16775815,0
27775742,16775552,0
27776781,16775481,0
27777816,16775309,0
27778853,16774826,0
27779889,16774825,0
27780925,16775444,0
27781961,16775974,0
27782997,16776419,0
27784032,16776668,0
27785071,16776981,0
27786105,16777207,0
27787143,636,0
27788180,335,0
27789215,16776959,0
27790252,16776469,0
27791287,16776050,0
27792323,16776015,0
27793357,16775632,0
27794394,16775334,0
27795432,16774685,0
27796468,16774939,0
27797504,16775769,0
27798541,16776373,0
27799577,16776801,0
27800614,53,0
27801649,74,0
27802686,253,0
27803722,892,0
27804757,1004,0
27805795,213,0
27806829,16776844,0
27807865,16776210,0
27808903,16775865,0
27809937,16775276,0
27810973,16775300,0
27812011,16774966,0
27813047,16774791,0
27814083,16775421,0
27815118,16775356,0
27816156,16776535,0
27817192,16777042,0
27818228,121,0
27819264,4,0
27820301,626,0
27821335,912,0
27822373,16777003,0
27823408,16776267,0
27824444,16776151,0
27825480,16775752,0
27826516,16775201,0
27827553,16775290,0
27828590,16774855,0
27829626,16774895,0
27830661,16775409,0
27831698,16776259,0
27832735,16776767,0
27833770,16776708,0
27834807,16776758,0
27835842,16777151,0
27836879,390,0
27837917,714,0
27838952,410,0
27839986,16777150,0
27841025,16776383,0
27842060,16776050,0
27843095,16775679,0
27844132,16775249,0
27845169,16774730,0
27846205,16774879,0
27847239,16775276,0
27848277,16775502,0
27849314,16776050,0
27850350,16776564,0
27851387,16776869,0
27852424,329,0
27853460,751,0
27854497,805,0
27855532,101,0
27856566,16777106,0
27857601,16776304,0
27858640,16776026,0
27859673,16775600,0
27860712,16775810,0
27861747,16775199,0
27862784,16774866,0
27863818,16775640,0
27864856,16776234,0
27865891,16776656,0
27866927,16777100,0
27867965,108,0
27869001,16777186,0
27870038,512,0
27871073,984,0
27872109,504,0
27873145,16777052,0
27874182,16776603,0
27875219,16775987,0
27876253,16775840,0
27877290,16775679,0
27878325,16775320,0
27879362,16774960,0
27880398,16775174,0
27881434,16775370,0
27882471,16776638,0
27883508,71,0
27884544,1,0
27885582,323,0
27886617,712,0
27887654,1045,0
27888690,319,0
27889725,16776937,0
27890761,16776452,0
27891798,16775962,0
27892833,16775980,0
27893871,16775829,0
27894906,16775459,0
27895942,16774566,0
27896979,16775463,0
27898014,16776232,0
27899051,16776002,0
27900086,16775333,0
27901123,16776977,0
27902160,159,0
27903196,401,0
27904233,1563,0
27905269,723,0
27906304,16776953,0
27907340,16776339,0
27908375,16776196,0
27909411,16775646,0
27910446,16775552,0
27911485,16775524,0
27912520,16775106,0
27913558,16775763,0
27914594,16775773,0
27915629,16776334,0
27916665,16777125,0
27917701,16777178,0
27918740,515,0
27919775,463,0
27920812,852,0
27921849,531,0
27922885,321,0
27923919,16776379,0
27924955,16776354,0
27925991,16776093,0
27927028,16775746,0
27928063,16775060,0
27929101,16774725,0
27930135,16775071,0
27931173,16776010,0
27932208,16776671,0
27933243,16777124,0
27934281,16777125,0
27935319,673,0
27936355,758,0
27937390,991,0
27938427,706,0
27939462,16776982,0
27940498,16775926,0
27941535,16775770,0
27942571,16775783,0
27943606,16775593,0
27944643,16775537,0
27945679,16774687,0
27946716,16774981,0
27947751,16775599,0
27948788,16776027,0
27949825,16776813,0
27950859,16777095,0
27951898,598,0
27952933,487,0
27953970,846,0
27955007,666,0
27956042,157,0
27957077,16776863,0
27958113,16776234,0
27959151,16775957,0
27960186,16775497,0
27961221,16775571,0
27962259,16774681,0
27963295,16774966,0
27964330,16775724,0
27965367,16776669,0
27966403,16777047,0
27967439,16776831,0
27968477,16777045,0
27969509,16777184,0
27970548,600,0
27971586,775,0
27972622,333,0
27973657,16776917,0
27974693,16776492,0
27975728,16776119,0
27976765,16775519,0
27977800,16775175,0
27978837,16774649,0
27979872,16774856,0
27980909,16775187,0
27981946,16775427,0
27982982,16776615,0
27984017,16776784,0
27985054,144,0
27986092,546,0
27987129,813,0
27988165,745,0
27989200,251,0
27990235,16776255,0
27991270,16775678,0
27992308,16775439,0
27993345,16775481,0
27994379,16775174,0
27995417,16774503,0
27996452,16774567,0
27997488,16775500,0
27998524,16776444,0
27999561,16776649,0
28000596,16777102,0
28001634,16776827,0
28002670,16776877,0
28003708,645,0
28004743,1042,0
28005779,199,0
28006814,16776764,0
28007850,16776145,0
28008888,16775725,0
28009921,16775360,0
28010959,16775273,0
28011996,16774633,0
28013032,16774334,0
28014068,16774682,0
28015103,16775351,0
28016141,16776709,0
28017176,16776794,0
28018212,16777147,0
28019248,16777146,0
28020284,16777186,0
28021321,92,0
28022358,16775849,0
28023392,16776644,0
28024430,16776397,0
28025465,16775944,0
28026503,16775491,0
28027537,16775330,0
28028575,16774701,0
28029612,16774407,0
28030646,16775383,0
28031683,16776217,0
28032717,16776688,0
28033755,16776448,0
28034791,16776934,0
28035828,16776927,0
28036865,318,0
28037901,391,0
28038937,229,0
28039973,16776540,0
28041009,16775837,0
28042044,16776071,0
28043082,16775027,0
28044118,16774899,0
28045154,16774837,0
28046190,16774603,0
28047225,16775267,0
28048260,16775184,0
28049296,16776072,0
28050334,16776669,0
28051371,145,0
28052407,16776709,0
28053441,16777200,0
28054479,508,0
28055515,16777149,0
28056553,16776573,0
28057587,16776447,0
28058624,16776001,0
28059660,16775772,0
28060696,16775146,0
28061732,16774960,0
28062768,16774590,0
28063804,16775398,0
28064840,16776079,0
28065877,16776422,0
28066913,16776302,0
28067950,16776530,0
28068986,16776514,0
28070021,16777110,0
28071060,589,0
28072094,16777078,0
28073130,16776673,0
28074167,16776345,0
28075203,16775996,0
28076240,16775491,0
28077275,16775559,0
28078310,16775100,0
28079349,16774469,0
28080385,16774939,0
28081419,16775089,0
28082457,16775847,0
28083493,16776874,0
28084529,16776899,0
28085565,16776831,0
28086602,16776893,0
28087638,652,0
28088674,376,0
28089709,16776840,0
28090746,16775972,0
28091783,16775837,0
28092819,16775689,0
28093854,16775345,0
28094891,16775026,0
28095927,16774281,0
28096964,16774463,0
28097998,16775566,0
28099035,16776504,0
28100070,16777094,0
28101108,161,0
28102144,47,0
28103179,248,0
28104218,681,0
28105254,347,0
28106289,16777039,0
28107325,16776426,0
28108362,16776023,0
28109397,16775526,0
28110433,16775121,0
28111470,16775463,0
28112505,16774644,0
28113543,16774925,0
28114577,16775158,0
28115615,16775953,0
28116651,16776787,0
28117686,16777114,0
28118722,16777165,0
28119759,494,0
28120796,994,0
28121832,495,0
28122867,16777159,0
28123903,16776580,0
28124939,16776000,0
28125976,16775273,0
28127014,16775457,0
28128048,16775327,0
28129083,16774384,0
28130121,16774637,0
28131157,16775613,0
28132192,16776332,0
28133229,16776282,0
28134266,16776729,0
28135302,16776982,0
28136338,16777034,0
28137375,528,0
28138411,146,0
28139444,16777088,0
28140482,16776082,0
28141520,16775759,0
28142556,16775461,0
28143591,16775113,0
28144627,16775293,0
28145665,16774954,0
28146700,16774630,0
28147737,16774909,0
28148773,16774778,0
28149808,16775137,0
28150845,16776910,0
28151881,16777057,0
28152916,0,0
28153955,753,0
28154990,398,0
28156027,162,0
28157061,16776748,0
28158098,16776230,0
28159133,16776116,0
28160172,16775461,0
28161206,16775214,0
28162243,16774810,0
28163278,16775255,0
28164315,16776221,0
28165353,16776493,0
28166388,16776510,0
28167424,16776787,0
28168460,16776938,0
28169497,421,0
28170534,1161,0
28171570,1153,0
28172607,826,0
28173639,16777160,0
28174678,16775993,0
28175714,16775747,0
28176750,16775449,0
28177785,16775311,0
28178821,16774388,0
28179858,16774786,0
28180893,16775596,0
28181931,16775522,0
28182965,16776344,0
28184004,16776709,0
28185038,16777091,0
28186075,16776854,0
28187113,237,0
28188149,844,0
28189183,16777064,0
28190222,16776533,0
28191257,16776031,0
28192290,16776160,0
28193328,16775658,0
28194364,16775378,0
28195401,16774883,0
28196437,16774798,0
28197473,16775732,0
28198509,16776411,0
28199546,16776903,0
28200583,16777053,0
28201619,16776925,0
28202654,16777093,0
28203692,170,0
28204729,893,0
28205763,215,0
28206799,16776685,0
28207835,16776151,0
28208871,16775553,0
28209907,16775678,0
28210943,16775278,0
28211981,16775033,0
28213017,16775157,0
28214051,16775586,0
28215087,16775356,0
28216125,16776995,0
28217161,158,0
28218196,208,0
28219234,390,0
28220271,311,0
28221308,533,0
28222342,198,0
28223378,16776894,0
28224414,16776808,0
28225450,16776340,0
28226487,16775855,0
28227523,16775573,0
28228559,16774828,0
28229596,16774711,0
28230630,16775660,0
28231667,16776412,0
28232704,16776769,0
28233740,16777028,0
28234776,2,0
28235813,486,0
28236850,737,0
28237887,691,0
28238923,315,0
28239957,30,0
28240994,16776787,0
28242031,16775965,0
28243066,16775481,0
28244102,16775277,0
28245138,16775010,0
28246175,16774801,0
28247209,16775342,0
28248246,16775303,0
28249283,16776484,0
28250319,16776913,0
28251356,16777021,0
28252393,339,0
28253429,579,0
28254464,916,0
28255502,623,0
28256537,16777018,0
28257572,16776374,0
28258609,16776022,0
28259645,16775819,0
28260681,16775830,0
28261718,16775497,0
28262753,16774678,0
28263789,16775109,0
28264826,16776002,0
28265862,16776673,0
28266898,16776548,0
28267933,16777048,0
28268972,289,0
28270008,431,0
28271042,944,0
28272081,733,0
28273116,16777066,0
28274151,16776798,0
28275188,16776889,0
28276225,16776505,0
28277261,16776053,0
28278295,16775792,0
28279333,16774829,0
28280368,16775087,0
28281404,16775245,0
28282441,16776341,0
28283476,112,0
28284514,397,0
28285550,234,0
28286588,379,0
28287624,1533,0
28288659,999,0
28289696,370,0
28290731,16776890,0
28291767,16776219,0
28292804,16775541,0
28293840,16775527,0
28294875,16775553,0
28295910,16774704,0
28296947,16775227,0
28297984,16775766,0
28299020,16776697,0
28300057,157,0
28301094,350,0
28302129,467,0
28303166,764,0
28304202,1426,0
28305239,895,0
28306274,16777029,0
28307309,16776099,0
28308346,16775806,0
28309382,16775809,0
28310418,16775698,0
28311455,16775462,0
28312491,16774719,0
28313526,16775063,0
28314562,16775367,0
28315600,16776017,0
28316635,16776854,0
28317671,12,0
28318708,193,0
28319745,354,0
28320782,561,0
28321817,151,0
28322853,16776905,0
28323888,16776107,0
28324923,16776192,0
28325962,16775951,0
28326998,16775498,0
28328033,16775460,0
28329070,16774484,0
28330105,16773204,0
28331141,16773764,0
28332178,16775756,0
28333215,16776985,0
28334251,71,0
28335288,354,0
28336323,498,0
28337361,1509,0
28338396,993,0
28339433,133,0
28340468,16776737,0
28341504,16775718,0
28342542,16774505,0
28343576,16774053,0
28344611,16775266,0
28345649,16774675,0
28346684,16774632,0
28347721,16775301,0
28348757,16775357,0
28349794,16776534,0
28350830,16776711,0
28351866,103,0
28352904,293,0
28353940,835,0
28354975,816,0
28356010,108,0
28357045,16776408,0
28358083,16776038,0
28359119,16775948,0
28360155,16775651,0
28361190,16775414,0
28362229,16774439,0
28363265,16774581,0
28364301,16775761,0
28365336,16776267,0
28366373,16776903,0
28367409,50,0
28368447,287,0
28369480,384,0
28370516,960,0
28371554,1011,0
28372591,29,0
28373627,16776505,0
28374661,16776390,0
28375698,16775810,0
28376735,16775439,0
28377770,16775595,0
28378807,16774895,0
28379841,16775040,0
28380880,16775799,0
28381916,16775521,0
28382951,16776671,0
28383987,16777209,0
28385025,220,0
28386061,490,0
28387096,994,0
28388134,705,0
28389169,16777062,0
28390206,16776519,0
28391240,16776070,0
28392277,16775637,0
28393313,16775405,0
28394349,16774744,0
28395386,16774298,0
28396422,16774614,0
28397457,16775252,0
28398493,16776166,0
28399531,16776805,0
28400568,16776551,0
28401603,16776738,0
28402639,16777058,0
28403678,821,0
28404713,706,0
28405748,175,0
28406784,16776858,0
28407818,16776188,0
28408857,16775834,0
28409892,16775524,0
28410929,16775535,0
28411965,16775036,0
28413002,16774932,0
28414037,16775339,0
28415073,16775353,0
28416109,16776231,0
28417145,16776900,0
28418181,16777111,0
28419219,79,0
28420255,475,0
28421293,797,0
28422327,510,0
28423364,16776877,0
28424399,16776345,0
28425436,16775995,0
28426471,16775645,0
28427507,16775578,0
28428544,16775030,0
28429580,16774488,0
28430614,16775296,0
28431652,16776169,0
28432689,16776054,0
28433724,16776364,0
28434762,16777085,0
28435799,319,0
28436834,264,0
28437872,809,0
28438908,321,0
28439942,16776730,0
28440978,16776241,0
28442016,16775687,0
28443051,16775486,0
28444087,16775843,0
28445122,16775406,0
28446159,16774898,0
28447196,16775501,0
28448231,16775395,0
28449267,16776306,0
28450305,11,0
28451340,16777007,0
28452377,79,0
28453413,147,0
28454451,793,0
28455485,736,0
28456521,16777059,0
28457557,16776361,0
28458594,16775903,0
28459631,16775549,0
28460664,16775420,0
28461703,16775541,0
28462738,16774903,0
28463775,16775525,0
28464811,16776023,0
28465846,16776378,0
28466882,176,0
28467918,224,0
28468957,662,0
28469992,836,0
28471027,1200,0
28472063,904,0
28473099,16777137,0
28474136,16776409,0
28475173,16775978,0
28476209,16775962,0
28477244,16775553,0
28478282,16775441,0
28479316,16775146,0
28480353,16775233,0
28481391,16775517,0
28482426,16776010,0
28483462,16776895,0
28484497,192,0
28485536,598,0
28486572,638,0
28487608,1029,0
28488644,628,0
28489681,290,0
28490716,16776897,0
28491751,16776314,0
28492787,16776346,0
28493823,16776066,0
28494859,16775107,0
28495896,16774602,0
28496931,16775612,0
28497970,16776449,0
28499006,16776999,0
28500043,295,0
28501077,392,0
28502114,425,0
28503150,250,0
28504186,977,0
28505224,651,0
28506259,479,0
28507294,16777133,0
28508330,16776614,0
28509366,16776337,0
28510403,16775931,0
28511439,16775724,0
28512476,16774569,0
28513512,16774906,0
28514546,16775320,0
28515584,16775565,0
28516620,16776955,0
28517654,16777112,0
28518693,79,0
28519726,16777096,0
28520765,450,0
28521801,502,0
28522838,122,0
28523874,16776837,0
28524911,16776061,0
28525944,16775644,0
28526980,16775344,0
28528018,16775205,0
28529054,16774936,0
28530090,16775051,0
28531126,16775424,0
28532163,16776441,0
28533199,16776910,0
28534235,16776844,0
28535271,136,0
28536308,2,0
28537346,649,0
28538382,586,0
28539417,77,0
28540453,16776745,0
28541488,16776158,0
28542524,16775936,0
28543562,16775909,0
28544596,16775374,0
28545634,16774761,0
28546670,16774637,0
28547705,16775113,0
28548741,16776123,0
28549778,134,0
28550815,16776971,0
28551851,116,0
28552888,93,0
28553925,677,0
28554959,900,0
28555996,173,0
28557033,16776927,0
28558067,16776602,0
28559105,16775933,0
28560138,16775292,0
28561174,16775384,0
28562213,16774877,0
28563248,16775197,0
28564284,16775410,0
28565322,16775917,0
28566356,16776624,0
28567393,16776698,0
28568430,16777027,0
28569465,16777159,0
28570503,630,0
28571538,994,0
28572574,444,0
28573610,16776630,0
28574647,16776050,0
28575682,16775736,0
28576718,16775236,0
28577756,16774970,0
28578791,16774342,0
28579829,16774402,0
28580863,16775198,0
28581901,16774986,0
28582936,16775878,0
28583973,16776465,0
28585008,16776988,0
28586045,204,0
28587082,211,0
28588118,161,0
28589154,16777066,0
28590191,16776533,0
28591226,16775790,0
28592261,16775603,0
28593297,16775228,0
28594334,16775259,0
28595371,16774605,0
28596408,16774521,0
28597442,16775102,0
28598479,16776069,0
28599516,16776554,0
28600552,16776955,0
28601587,16777190,0
28602625,221,0
28603660,536,0
28604697,474,0
28605733,5,0
28606769,16776556,0
28607805,16775810,0
28608840,16775456,0
28609876,16775332,0
28610913,16775323,0
28611949,16775065,0
28612986,16774670,0
28614021,16775287,0
28615057,16775230,0
28616093,16776150,0
28617131,16776735,0
28618169,295,0
28619203,87,0
28620240,243,0
28621276,800,0
28622312,255,0
28623348,16776794,0
28624384,16776109,0
28625419,16775636,0
28626457,16775503,0
28627492,16775285,0
28628528,16775193,0
28629564,16774612,0
28630602,16774993,0
28631638,16775773,0
28632674,16776495,0
28633709,16776673,0
28634746,16777003,0
28635782,134,0
28636819,203,0
28637856,634,0
28638892,149,0
28639927,16777057,0
28640963,16776109,0
28642001,16775693,0
28643036,16775519,0
28644072,16775491,0
28645107,16775245,0
28646145,16774493,0
28647180,16774707,0
28648215,16775171,0
28649253,16775934,0
28650288,16776752,0
28651325,16777050,0
28652363,290,0
28653398,247,0
28654436,717,0
28655470,118,0
28656505,16776848,0
28657541,16776158,0
28658577,16776068,0
28659613,16775904,0
28660649,16775324,0
28661687,16774786,0
28662723,16774472,0
28663758,16775343,0
28664795,16776233,0
28665831,16776379,0
28666867,16776410,0
28667905,16776973,0
28668941,16777081,0
28669975,16777111,0
28671014,364,0
28672048,252,0
28673085,16776697,0
28674121,16776265,0
28675156,16776132,0
28676194,16775939,0
28677229,16775586,0
28678265,16775262,0
28679302,16774504,0
28680337,16775000,0
28681374,16775361,0
28682410,16775642,0
28683446,16776844,0
28684484,16777061,0
28685519,16776946,0
28686556,141,0
28687592,955,0
28688629,807,0
28689663,16777209,0
28690699,16776153,0
28691736,16776125,0
28692771,16776066,0
28693808,16775339,0
28694843,16775300,0
28695880,16774776,0
28696917,16775436,0
28697954,16775937,0
28698991,16776459,0
28700027,16776473,0
28701061,16776856,0
28702099,99,0
28703136,286,0
28704172,1296,0
28705208,1138,0
28706243,468,0
28707278,16777126,0
28708316,16776731,0
28709351,16776234,0
28710387,16775626,0
28711423,16775704,0
28712460,16775301,0
28713495,16775572,0
28714533,16775983,0
28715569,16776017,0
28716605,16776788,0
28717639,16775352,0
28718678,16775991,0
28719715,323,0
28720750,985,0
28721786,994,0
28722821,16777111,0
28723860,16776493,0
28724893,16776116,0
28725931,16775782,0
28726966,16775590,0
28728002,16775167,0
28729039,16774643,0
28730075,16774884,0
28731112,16775790,0
28732148,16776817,0
28733184,16777007,0
28734221,26,0
28735257,560,0
28736293,227,0
28737330,815,0
28738366,514,0
28739401,16776754,0
28740437,16776697,0
28741473,16776689,0
28742510,16776002,0
28743545,16775163,0
28744581,16775042,0
28745618,16774199,0
28746654,16774254,0
28747690,16775145,0
28748726,16775282,0
28749762,16776147,0
28750800,16776999,0
28751834,16777172,0
28752871,16777119,0
28753909,917,0
28754946,739,0
28755978,16777136,0
28757016,16776618,0
28758052,16776308,0
28759089,16775991,0
28760124,16775366,0
28761160,16775326,0
28762198,16774783,0
28763234,16774805,0
28764269,16775255,0
28765306,16775841,0
28766342,16776707,0
28767378,16776894,0
28768414,16777143,0
28769451,399,0
28770488,703,0
28771524,758,0
28772559,226,0
28773596,16776861,0
28774631,16776403,0
28775667,16776087,0
28776703,16775601,0
28777739,16775536,0
28778776,16774886,0
28779813,16774849,0
28780847,16775150,0
28781884,16775233,0
28782920,16776153,0
28783957,16776916,0
28784992,16776652,0
28786029,16776804,0
28787068,587,0
28788104,634,0
28789139,16776949,0
28790175,16776545,0
28791211,16776063,0
28792248,16775533,0
28793283,16775213,0
28794319,16774798,0
28795354,16774704,0
28796391,16774254,0
28797427,16775081,0
28798464,16775442,0
28799501,16775925,0
28800535,16776608,0
28801573,154,0
28802608,16777209,0
28803647,695,0
28804682,395,0
28805718,16777083,0
28806753,16776716,0
28807790,16776006,0
28808827,16775957,0
28809862,16775548,0
28810897,16775582,0
28811934,16774716,0
28812970,16774090,0
28814008,16774938,0
28815042,16775234,0
28816079,16775862,0
28817116,16776747,0
28818152,280,0
28819189,766,0
28820225,578,0
28821262,1045,0
28822298,619,0
28823333,16776921,0
28824368,16776391,0
28825405,16776010,0
28826441,16775859,0
28827478,16775019,0
28828512,16774728,0
28829549,16774582,0
28830585,16775199,0
28831623,16775507,0
28832657,16776360,0
28833693,16776300,0
28834730,16776658,0
28835767,16776833,0
28836801,16777168,0
28837841,619,0
28838876,264,0
28839911,16776772,0
28840947,16776202,0
28841984,16775687,0
28843020,16775635,0
28844055,16775292,0
28845091,16775084,0
28846127,16774616,0
28847163,16775292,0
28848202,16774933,0
28849235,16775560,0
28850273,16776639,0
28851310,16776783,0
28852345,16776984,0
28853381,16777198,0
28854420,701,0
28855454,144,0
28856491,16776761,0
28857527,16775498,0
28858562,16774240,0
28859598,16775114,0
28860636,16774857,0
28861671,16774766,0
28862707,16774268,0
28863744,16774964,0
28864780,16775438,0
28865817,16775914,0
28866852,16776238,0
28867887,16776672,0
28868924,88,0
28869961,16776966,0
28870997,422,0
28872034,410,0
28873068,16777154,0
28874106,16776734,0
28875142,16775860,0
28876177,16775386,0
28877214,16775261,0
28878251,16774782,0
28879285,16774352,0
28880323,16775205,0
28881358,16775111,0
28882397,16775445,0
28883431,16776372,0
28884468,16776426,0
28885504,16777047,0
28886541,202,0
28887578,861,0
28888614,858,0
28889649,16776930,0
28890685,16776331,0
28891720,16776139,0
28892757,16776153,0
28893793,16775415,0
28894828,16775582,0
28895866,16774902,0
28896902,16775020,0
28897937,16775555,0
28898975,16776753,0
28900012,16776502,0
28901047,16776914,0
28902085,337,0
28903121,287,0
28904156,1127,0
28905192,712,0
28906230,267,0
28907264,16776293,0
28908300,16775772,0
28909336,16775421,0
28910372,16775185,0
28911408,16775361,0
28912446,16774409,0
28913480,16774896,0
28914517,16775413,0
28915553,16775557,0
28916591,16776479,0
28917625,16776684,0
28918661,16777185,0
28919700,335,0
28920736,1061,0
28921773,779,0
28922809,351,0
28923842,16776836,0
28924880,16776461,0
28925915,16776210,0
28926952,16775693,0
28927987,16775752,0
28929025,16774891,0
28930059,16774896,0
28931096,16775179,0
28932131,16776150,0
28933170,16776463,0
28934204,16777142,0
28935242,223,0
28936278,90,0
28937314,450,0
28938351,815,0
28939386,430,0
28940422,16776834,0
28941457,16776032,0
28942494,16775335,0
28943528,16775160,0
28944566,16775314,0
28945602,16775111,0
28946638,16774888,0
28947676,16775451,0
28948710,16775646,0
28949748,16776705,0
28950783,16777089,0
28951820,16777023,0
28952855,16777142,0
28953893,784,0
28954928,992,0
28955965,454,0
28957001,16776580,0
28958037,16776262,0
28959074,16775962,0
28960108,16775574,0
28961145,16775062,0
28962182,16774754,0
28963217,16774800,0
28964254,16775700,0
28965289,16776156,0
28966325,16776352,0
28967364,16776559,0
28968400,16777085,0
28969436,162,0
28970473,370,0
28971510,883,0
28972545,334,0
28973581,16776971,0
28974617,16776037,0
28975651,16775158,0
28976689,16775539,0
28977725,16775462,0
28978762,16774781,0
28979799,16774523,0
28980834,16775539,0
28981869,16775563,0
28982905,16776422,0
28983941,16776844,0
28984978,16777193,0
28986014,184,0
28987052,281,0
28988088,642,0
28989125,307,0
28990159,16776496,0
28991194,16775598,0
28992232,16775503,0
28993267,16775581,0
28994303,16775153,0
28995339,16774968,0
28996378,16774429,0
28997411,16775204,0
28998449,16775769,0
28999484,16776048,0
29000520,16776258,0
29001558,16776749,0
29002593,388,0
29003629,88,0
29004666,430,0
29005703,107,0
29006738,16776657,0
29007775,16776540,0
29008810,16776079,0
29009846,16775812,0
29010882,16775279,0
29011919,16774911,0
29012956,16774420,0
29013992,16774794,0
29015028,16774779,0
29016064,16775686,0
29017100,16776732,0
29018136,16777068,0
29019171,16777072,0
29020209,121,0
29021246,766,0
29022282,387,0
29023318,16776971,0
29024352,16776328,0
29025389,16775792,0
29026426,16775838,0
29027461,16775623,0
29028497,16775231,0
29029535,16774877,0
29030572,16775461,0
29031606,16776319,0
29032642,16776398,0
29033680,16776455,0
29034715,16777101,0
29035750,16777122,0
29036787,16777103,0
29037824,511,0
29038861,403,0
29039894,16777088,0
29040933,16776799,0
29041966,16776176,0
29043004,16775638,0
29044040,16775343,0
29045077,16774882,0
29046114,16774510,0
29047148,16775074,0
29048185,16775313,0
29049220,16775632,0
29050260,16776541,0
29051295,16776947,0
29052331,121,0
29053368,268,0
29054403,1252,0
29055439,1472,0
29056475,448,0
29057511,16776456,0
29058547,16776082,0
29059584,16775686,0
29060621,16775514,0
29061655,16775138,0
29062692,16774586,0
29063728,16775569,0
29064765,16775889,0
29065802,16775978,0
29066837,16776919,0
29067873,92,0
29068909,16777159,0
29069946,16777075,0
29070984,585,0
29072020,41,0
29073054,16777058,0
29074091,16775975,0
29075126,16775748,0
29076163,16775714,0
29077200,16775957,0
29078234,16775159,0
29079271,16774170,0
29080309,16774837,0
29081342,16775384,0
29082379,16775591,0
29083417,16776811,0
29084452,16776870,0
29085488,16777091,0
29086525,194,0
29087563,839,0
29088599,347,0
29089633,16776544,0
29090671,16776053,0
29091705,16775575,0
29092741,16775411,0
29093778,16774820,0
29094813,16775156,0
29095851,16774747,0
29096886,16775101,0
29097922,16775602,0
29098958,16776228,0
29099994,16776896,0
29101031,16776816,0
29102068,16776882,0
29103105,201,0
29104140,988,0
29105178,329,0
29106213,16776637,0
29107248,16776194,0
29108284,16775574,0
29109320,16775195,0
29110356,16775135,0
29111394,16775430,0
29112430,16774627,0
29113466,16774635,0
29114502,16775373,0
29115536,16775576,0
29116574,16776230,0
29117612,16776555,0
29118647,16776934,0
29119682,16777151,0
29120719,236,0
29121754,464,0
29122792,75,0
29123827,16776612,0
29124864,16776023,0
29125901,16775439,0
29126935,16774992,0
29127971,16775062,0
29129010,16774203,0
29130045,16774676,0
29131080,16775142,0
29132118,16776026,0
29133153,16776127,0
29134191,16776821,0
29135226,187,0
29136261,16777106,0
29137300,271,0
29138334,156,0
29139370,16777056,0
29140407,16776813,0
29141444,16776479,0
29142479,16775645,0
29143513,16775312,0
29144551,16775285,0
29145588,16774722,0
29146624,16774843,0
29147661,16775433,0
29148697,16774979,0
29149732,16775884,0
29150768,16777080,0
29151805,115,0
29152839,16777212,0
29153877,396,0
29154915,619,0
29155950,203,0
29156985,16776876,0
29158023,16776465,0
29159059,16775933,0
29160095,16775517,0
29161131,16775538,0
29162166,16775142,0
29163202,16775050,0
29164238,16775606,0
29165275,16776214,0
29166311,16776674,0
29167348,16776807,0
29168385,16776797,0
29169420,16776967,0
29170457,473,0
29171494,1033,0
29172531,553,0
29173564,16776936,0
29174601,16776255,0
29175636,16776260,0
29176673,16776109,0
29177710,16775531,0
29178746,16774946,0
29179782,16774350,0
29180818,16774755,0
29181853,16775167,0
29182890,16776189,0
29183928,16777053,0
29184963,35,0
29186001,16777005,0
29187036,312,0
29188072,636,0
29189108,17,0
29190144,16776715,0
29191180,16776327,0
29192217,16775959,0
29193253,16775702,0
29194288,16775338,0
29195325,16774565,0
29196361,16774843,0
29197396,16775270,0
29198432,16776140,0
29199468,16776440,0
29200506,16776745,0
29201543,268,0
29202581,373,0
29203615,210,0
29204652,273,0
29205687,16776766,0
29206724,16776532,0
29207760,16776554,0
29208795,16776056,0
29209831,16775936,0
29210867,16775423,0
29211903,16774732,0
29212941,16774813,0
29213976,16775405,0
29215012,16775346,0
29216048,16775996,0
29217085,16776729,0
29218120,16777121,0
29219157,98,0
29220194,107,0
29221231,523,0
29222266,135,0
29223302,16776699,0
29224337,16776071,0
29225374,16776093,0
29226410,16775824,0
29227446,16775548,0
29228484,16774953,0
29229520,16774425,0
29230555,16775335,0
29231591,16775836,0
29232629,16776522,0
29233665,16776893,0
29234700,190,0
29235737,332,0
29236772,16776674,0
29237810,16776509,0
29238847,305,0
29239882,195,0
29240917,16776687,0
29241954,16776003,0
29242990,16775859,0
29244026,16775916,0
29245061,16775258,0
29246099,16774565,0
29247133,16775316,0
29248171,16775967,0
29249207,16776749,0
29250242,16777190,0
29251279,16776902,0
29252314,16777199,0
29253352,474,0
29254388,482,0
29255426,289,0
29256460,16776787,0
29257498,16776461,0
29258531,16776118,0
29259569,16775543,0
29260604,16775410,0
29261641,16775333,0
29262678,16774843,0
29263714,16774859,0
29264749,16775290,0
29265786,16776217,0
29266822,16776883,0
29267857,16777024,0
29268894,156,0
29269932,530,0
29270967,1002,0
29272004,937,0
29273038,504,0
29274076,16776562,0
29275111,16776512,0
29276147,16776385,0
29277183,16775663,0
29278219,16775488,0
29279256,16774580,0
29280292,16774870,0
29281328,16775225,0
29282365,16775747,0
29283400,16776908,0
29284438,16777039,0
29285474,33,0
29286511,364,0
29287546,945,0
29288584,762,0
29289619,79,0
29290655,16776783,0
29291689,16776082,0
29292726,16775636,0
29293762,16775382,0
29294798,16775603,0
29295834,16774792,0
29296870,16775058,0
29297908,16775775,0
29298944,16776621,0
29299978,16777100,0
29301016,156,0
29302054,21,0
29303090,262,0
29304125,947,0
29305162,1074,0
29306197,78,0
29307234,16776935,0
29308269,16776274,0
29309306,16775883,0
29310341,16775299,0
29311377,16774992,0
29312413,16774848,0
29313451,16774883,0
29314486,16775383,0
29315523,16775546,0
29316559,16776892,0
29317595,16776898,0
29318632,16776970,0
29319667,4,0
29320705,628,0
29321742,829,0
29322775,416,0
29323812,16777189,0
29324848,16776430,0
29325885,16775862,0
29326920,16775496,0
29327957,16775474,0
29328993,16774788,0
29330030,16774674,0
29331065,16775383,0
29332102,16776589,0
29333139,16776821,0
29334172,16777088,0
29335211,254,0
29336247,121,0
29337284,638,0
29338320,455,0
29339354,16776680,0
29340391,16776371,0
29341427,16776372,0
29342464,16776014,0
29343499,16775639,0
29344535,16775582,0
29345573,16774867,0
29346608,16774562,0
29347644,16775270,0
29348679,16775272,0
29349716,16776360,0
29350753,16777139,0
29351791,322,0
29352826,185,0
29353864,811,0
29354899,967,0
29355936,282,0
29356970,16776678,0
29358006,16776216,0
29359042,16775768,0
29360079,16775812,0
29361116,16775011,0
29362152,16774665,0
29363188,16774753,0
29364224,16775125,0
29365259,16776276,0
29366296,16776734,0
29367330,16777104,0
29368368,396,0
29369405,385,0
29370443,571,0
29371479,731,0
29372514,402,0
29373550,16776799,0
29374586,16776695,0
29375623,16776570,0
29376657,16775599,0
29377694,16775555,0
29378729,16775164,0
29379767,16775033,0
29380802,16775528,0
29381840,16775721,0
29382874,16776816,0
29383913,515,0
29384950,331,0
29385984,220,0
29387022,367,0
29388057,421,0
29389093,63,0
29390129,16776850,0
29391164,16776702,0
29392201,16775758,0
29393236,16775303,0
29394272,16775598,0
29395308,16775304,0
29396346,16774313,0
29397381,16774596,0
29398416,16776096,0
29399454,16777022,0
29400492,343,0
29401526,252,0
29402563,344,0
29403600,748,0
29404638,1347,0
29405673,839,0
29406708,135,0
29407744,16776697,0
29408779,16776222,0
29409817,16775517,0
29410853,16775454,0
29411886,16775280,0
29412925,16774802,0
29413960,16775585,0
29414998,16775738,0
29416034,16775749,0
29417070,16776858,0
29418107,262,0
29419143,234,0
29420179,409,0
29421217,1285,0
29422251,1150,0
29423288,814,0
29424322,16777093,0
29425359,16776583,0
29426395,16776267,0
29427431,16775868,0
29428468,16775790,0
29429503,16775390,0
29430541,16775994,0
29431577,16776454,0
29432613,16776795,0
29433647,16777150,0
29434685,280,0
29435722,264,0
29436759,682,0
29437795,1267,0
29438831,759,0
29439865,16777210,0
29440902,16776635,0
29441937,16776344,0
29442973,16776156,0
29444010,16776048,0
29445045,16775628,0
29446082,16774820,0
29447120,16775425,0
29448156,16775469,0
29449191,16775768,0
29450227,16776876,0
29451263,16777174,0
29452301,419,0
29453338,531,0
29454373,1250,0
29455410,639,0
29456445,118,0
29457481,16776758,0
29458517,16776345,0
29459554,16776057,0
29460589,16776163,0
29461626,16775722,0
29462662,16774878,0
29463697,16775116,0
29464734,16775886,0
29465771,16776746,0
29466807,22,0
29467844,356,0
29468880,233,0
29469917,257,0
29470953,1131,0
29471989,844,0
29473025,16776787,0
29474059,16776206,0
29475096,16776265,0
29476132,16776230,0
29477170,16775813,0
29478204,16775641,0
29479241,16774956,0
29480278,16774959,0
29481313,16775322,0
29482350,16775843,0
29483386,16777051,0
29484422,16777173,0
29485459,328,0
29486494,488,0
29487532,1079,0
29488568,767,0
29489603,17,0
29490640,16776746,0
29491674,16776260,0
29492711,16776107,0
29493748,16775946,0
29494783,16775618,0
29495821,16774438,0
29496855,16773032,0
29497892,16774615,0
29498930,16776522,0
29499965,16776903,0
29501002,16776978,0
29502038,16776961,0
29503075,181,0
29504111,858,0
29505147,1304,0
29506183,558,0
29507218,16777046,0
29508254,16776423,0
29509291,16776023,0
29510326,16776125,0
29511361,16775656,0
29512398,16774904,0
29513435,16774764,0
29514469,16775256,0
29515508,16775763,0
29516543,16776896,0
29517581,16777053,0
29518617,114,0
29519653,520,0
29520690,1061,0
29521725,955,0
29522762,431,0
29523798,26,0
29524833,16776307,0
29525870,16775851,0
29526906,16775530,0
29527941,16775247,0
29528977,16775322,0
29530015,16775219,0
29531050,16775638,0
29532086,16776606,0
29533124,16776773,0
29534160,138,0
29535196,387,0
29536233,618,0
29537269,1118,0
29538305,1113,0
29539340,22,0
29540377,16776466,0
29541412,16776235,0
29542447,16776112,0
29543484,16775603,0
29544520,16775570,0
29545558,16774833,0
29546593,16774593,0
29547629,16775594,0
29548664,16775564,0
29549701,16776270,0
29550737,16777016,0
29551772,16777152,0
29552813,357,0
29553847,736,0
29554884,1031,0
29555920,475,0
29556956,16776817,0
29557991,16776488,0
29559027,16776141,0
29560063,16776000,0
29561100,16776093,0
29562135,16775367,0
29563173,16775039,0
29564208,16775295,0
29565246,16776489,0
29566280,16777111,0
29567317,16777064,0
29568351,16777136,0
29569390,16777050,0
29570427,588,0
29571463,1107,0
29572499,352,0
29573535,16776765,0
29574570,16776315,0
29575607,16775794,0
29576642,16775872,0
29577679,16775589,0
29578713,16775120,0
29579752,16774682,0
29580787,16775122,0
29581823,16775209,0
29582859,16775840,0
29583897,16776809,0
29584932,16776930,0
29585969,98,0
29587007,493,0
29588042,953,0
29589079,645,0
29590114,16776945,0
29591150,16776558,0
29592185,16776226,0
29593222,16775940,0
29594257,16775407,0
29595295,16774915,0
29596331,16774619,0
29597366,16775492,0
29598403,16776277,0
29599439,16776761,0
29600474,16777110,0
29601511,16777203,0
29602548,172,0
29603586,275,0
29604621,935,0
29605658,527,0
29606693,16777041,0
29607728,16776342,0
29608766,16775797,0
29609802,16775509,0
29610838,16774949,0
29611872,16775340,0
29612910,16774867,0
29613946,16774929,0
29614980,16775304,0
29616018,16775682,0
29617054,16776115,0
29618091,16776701,0
29619126,16777159,0
29620163,145,0
29621201,837,0
29622237,622,0
29623272,16776543,0
29624308,16776488,0
29625343,16776302,0
29626380,16775761,0
29627416,16775419,0
29628452,16775131,0
29629488,16774622,0
29630524,16774752,0
29631560,16775832,0
29632598,16776558,0
29633634,16776739,0
29634669,16776940,0
29635706,166,0
29636743,475,0
29637779,1078,0
29638816,884,0
29639853,333,0
29640886,16776355,0
29641923,16775891,0
29642958,16775622,0
29643996,16775508,0
29645033,16775778,0
29646068,16774868,0
29647105,16774685,0
29648141,16774913,0
29649177,16775471,0
29650211,16777128,0
29651248,100,0
29652285,90,0
29653321,470,0
29654358,1220,0
29655394,624,0
29656431,69,0
29657467,16776543,0
29658503,16775965,0
29659539,16775425,0
29660575,16775435,0
29661611,16775465,0
29662647,16774886,0
29663683,16774887,0
29664720,16775789,0
29665754,16776368,0
29666790,16776632,0
29667828,217,0
29668866,761,0
29669902,858,0
29670937,1107,0
29671974,847,0
29673009,148,0
29674043,16776648,0
29675081,16776442,0
29676118,16775997,0
29677153,16775581,0
29678189,16775201,0
29679226,16774359,0
29680261,16774856,0
29681296,16775280,0
29682335,16775435,0
29683371,16776915,0
29684406,16777189,0
29685444,332,0
29686480,328,0
29687516,929,0
29688552,816,0
29689588,16776921,0
29690624,16776536,0
29691659,16776212,0
29692696,16775594,0
29693731,16775266,0
29694768,16775186,0
29695805,16774691,0
29696842,16774733,0
29697877,16775269,0
29698913,16776330,0
29699949,16776643,0
29700986,16776942,0
29702022,130,0
29703059,490,0
29704095,905,0
29705132,1141,0
29706167,446,0
29707202,16776836,0
29708240,16776213,0
29709275,16775635,0
29710310,16775298,0
29711346,16775400,0
29712383,16774720,0
29713419,16774736,0
29714456,16775430,0
29715493,16775515,0
29716529,16776799,0
29717563,16777140,0
29718601,238,0
29719639,269,0
29720674,468,0
29721711,1107,0
29722747,516,0
29723782,16776727,0
29724818,16776109,0
29725855,16775983,0
29726891,16775870,0
29727928,16775725,0
29728962,16775086,0
29730001,16774862,0
29731035,16775653,0
29732071,16776345,0
29733107,16776660,0
29734143,120,0
29735181,167,0
29736219,277,0
29737254,623,0
29738291,1381,0
29739325,446,0
29740361,16777068,0
29741396,16776656,0
29742434,16775825,0
29743470,16775637,0
29744505,16775607,0
29745542,16775507,0
29746577,16775177,0
29747616,16775477,0
29748649,16775570,0
29749687,16776470,0
29750724,290,0
29751761,343,0
29752796,438,0
29753832,479,0
29754868,768,0
29755904,231,0
29756940,16777060,0
29757975,16776688,0
29759013,16776422,0
29760048,16776143,0
29761085,16775745,0
29762120,16775678,0
29763157,16775579,0
29764194,16775694,0
29765229,16776206,0
29766267,16776869,0
29767302,28,0
29768339,239,0
29769376,546,0
29770412,795,0
29771448,1426,0
29772483,978,0
29773520,276,0
29774555,16777028,0
29775592,16776508,0
29776627,16776206,0
29777665,16775901,0
29778699,16775366,0
29779735,16774696,0
29780771,16775314,0
29781808,16775319,0
29782845,16776466,0
29783881,16777023,0
29784917,244,0
29785954,772,0
29786990,907,0
29788029,1285,0
29789063,938,0
29790098,60,0
29791134,16776958,0
29792169,16776652,0
29793206,16776369,0
29794243,16775729,0
29795278,16775190,0
29796314,16775041,0
29797351,16775424,0
29798388,16775830,0
29799424,16776758,0
29800460,16777055,0
29801496,76,0
29802534,535,0
29803570,774,0
29804606,750,0
29805642,694,0
29806678,115,0
29807712,16776992,0
29808750,16776825,0
29809787,16776529,0
29810822,16776261,0
